{
  "max_depth": 4,
  "learning_rate": 0.0014337634561374098,
  "n_estimators": 816,
  "gamma": 0.38946303787179803,
  "subsample": 0.7031239568720538,
  "reg_alpha": 7.916583106966314
}