{
  "max_depth": 4,
  "learning_rate": 0.031036484327574578,
  "n_estimators": 698,
  "subsample": 0.7198290944718471,
  "colsample_bytree": 0.6345199258693126,
  "gamma": 3.754588181175067
}