{
  "model_type": "random_forest",
  "trained_at": "20251220_162625",
  "metrics": {
    "accuracy": 0.34183673469387754,
    "precision": 0.3633011099176513,
    "recall": 0.34183673469387754,
    "f1": 0.3220731386477243
  },
  "feature_count": 20,
  "config": {
    "test_size": 0.2,
    "random_state": 42
  }
}